(defs
  (data (data tp#c9b Bool#19 () (False ()) (True ())))
  (data (data tp#c9c List#25 (tp#c9d) ([] ()) ((::) () tp#c9d (app tp#c9c tp#c9d))))
  (data (data tp#c9e Pair#34 (tp#c9f tp#ca0) ((,) () tp#c9f tp#ca0)))
  (data (data tp#ca1 Either#43 (tp#ca2 tp#ca3) (Left () tp#ca2) (Right () tp#ca3)))
  (let-pure runtimeError#4c (tfun (tp#e19 type) (extern dbl_runtimeError (tp#c -> tp#e19 tp#10))))
  (let-pure
    impossible#6b
    (tfun
      (tp#e14 type)
      (fn
        (x#69 (app tp#e tp#c))
        (let-pure
          x#8cc
          (fn
            (msg#53 (app tp#e tp#c))
            (fn
              (x#8cb tp#d)
              (fn
                (x#68 tp#d)
                (let-pure
                  x#8ca
                  (fn
                    (x#8c9 tp#d)
                    (let x#e16 (tapp runtimeError#4c tp#e14))
                    (let-pure x#8c6 (fn (x#8c4 tp#d) ("Assertion failed")))
                    (let-pure x#8c7 (fn (msg#67 tp#c) (fn (x#8c5 tp#d) msg#67)))
                    (let
                      x#e17
                      (match
                        (tapp
                          (extern
                            __Option_Proof__
                            (forall
                              (tp#12 type)
                              (data (app tp#e tp#12) () (None ()) (Some () tp#12))))
                          tp#c)
                        msg#53
                        (clauses
                          ((tvars)
                            (vars)
                            (app x#8c6 (ctor (extern __Unit_Proof__ (data tp#d () (() ()))) 0 ())))
                          ((tvars)
                            (vars x#8c8)
                            (let x#e18 (app x#8c7 x#8c8))
                            (app
                              x#e18
                              (ctor (extern __Unit_Proof__ (data tp#d () (() ()))) 0 ()))))
                        tp#c
                        (effect)))
                    (app x#e16 x#e17)))
                (match
                  (extern __Unit_Proof__ (data tp#d () (() ())))
                  x#68
                  (clauses
                    ((tvars)
                      (vars)
                      (app x#8ca (ctor (extern __Unit_Proof__ (data tp#d () (() ()))) 0 ()))))
                  tp#e14
                  tp#10)))))
        (let x#e15 (app x#8cc x#69))
        (app x#e15 (ctor (extern __Unit_Proof__ (data tp#d () (() ()))) 0 ())))))
  (let-pure
    assert#89
    (fn
      (x#88 (app tp#e tp#c))
      (let-pure
        x#8d7
        (fn
          (msg#72 (app tp#e tp#c))
          (fn
            (x#8d6 tp#d)
            (fn
              (x#87 tp#c9b)
              (let-pure
                x#8d5
                (fn
                  (b#7a tp#c9b)
                  (fn
                    (x#8d4 tp#d)
                    (let-pure
                      x#8d2
                      (fn (x#8d0 tp#d) (ctor (extern __Unit_Proof__ (data tp#d () (() ()))) 0 ())))
                    (let-pure
                      x#8d3
                      (fn
                        (x#8d1 tp#d)
                        (let-pure x#84 msg#72)
                        (let x#e12 (defs (let x#e13 (tapp impossible#6b tp#d)) (app x#e13 x#84)))
                        (app x#e12 (ctor (extern __Unit_Proof__ (data tp#d () (() ()))) 0 ()))))
                    (match
                      Bool#19
                      b#7a
                      (clauses
                        ((tvars)
                          (vars)
                          (app x#8d3 (ctor (extern __Unit_Proof__ (data tp#d () (() ()))) 0 ())))
                        ((tvars)
                          (vars)
                          (app x#8d2 (ctor (extern __Unit_Proof__ (data tp#d () (() ()))) 0 ()))))
                      tp#d
                      tp#10))))
              (let x#e11 (app x#8d5 x#87))
              (app x#e11 (ctor (extern __Unit_Proof__ (data tp#d () (() ()))) 0 ()))))))
      (let x#e10 (app x#8d7 x#88))
      (app x#e10 (ctor (extern __Unit_Proof__ (data tp#d () (() ()))) 0 ()))))
  (let-pure
    toString#98
    (fn
      (x#97 tp#c9b)
      (let-pure
        x#8de
        (fn
          (self#90 tp#c9b)
          (fn
            (x#8dd tp#d)
            (let-pure x#8db (fn (x#8d9 tp#d) ("True")))
            (let-pure x#8dc (fn (x#8da tp#d) ("False")))
            (match
              Bool#19
              self#90
              (clauses
                ((tvars)
                  (vars)
                  (app x#8dc (ctor (extern __Unit_Proof__ (data tp#d () (() ()))) 0 ())))
                ((tvars)
                  (vars)
                  (app x#8db (ctor (extern __Unit_Proof__ (data tp#d () (() ()))) 0 ()))))
              tp#c
              (effect)))))
      (let x#e0f (app x#8de x#97))
      (app x#e0f (ctor (extern __Unit_Proof__ (data tp#d () (() ()))) 0 ()))))
  (let-pure
    neg#a7
    (fn
      (x#a6 tp#c9b)
      (let-pure
        x#8e5
        (fn
          (self#9f tp#c9b)
          (fn
            (x#8e4 tp#d)
            (let-pure x#8e2 (fn (x#8e0 tp#d) (ctor Bool#19 0 ())))
            (let-pure x#8e3 (fn (x#8e1 tp#d) (ctor Bool#19 1 ())))
            (match
              Bool#19
              self#9f
              (clauses
                ((tvars)
                  (vars)
                  (app x#8e3 (ctor (extern __Unit_Proof__ (data tp#d () (() ()))) 0 ())))
                ((tvars)
                  (vars)
                  (app x#8e2 (ctor (extern __Unit_Proof__ (data tp#d () (() ()))) 0 ()))))
              tp#c9b
              (effect)))))
      (let x#e0e (app x#8e5 x#a6))
      (app x#e0e (ctor (extern __Unit_Proof__ (data tp#d () (() ()))) 0 ()))))
  (let-pure
    equal#bd
    (fn
      (x#bc tp#c9b)
      (let-pure
        x#8ee
        (fn
          (self#ae tp#c9b)
          (fn
            (x#8ed tp#d)
            (fn
              (x#bb tp#c9b)
              (let-pure
                x#8ec
                (fn
                  (oth#b4 tp#c9b)
                  (fn
                    (x#8eb tp#d)
                    (let-pure x#8e9 (fn (x#8e7 tp#d) oth#b4))
                    (let-pure x#8ea (fn (x#8e8 tp#d) (app neg#a7 oth#b4)))
                    (match
                      Bool#19
                      self#ae
                      (clauses
                        ((tvars)
                          (vars)
                          (app x#8ea (ctor (extern __Unit_Proof__ (data tp#d () (() ()))) 0 ())))
                        ((tvars)
                          (vars)
                          (app x#8e9 (ctor (extern __Unit_Proof__ (data tp#d () (() ()))) 0 ()))))
                      tp#c9b
                      (effect)))))
              (let x#e0d (app x#8ec x#bb))
              (app x#e0d (ctor (extern __Unit_Proof__ (data tp#d () (() ()))) 0 ()))))))
      (let x#e0c (app x#8ee x#bc))
      (app x#e0c (ctor (extern __Unit_Proof__ (data tp#d () (() ()))) 0 ()))))
  (let-pure
    neq#d3
    (fn
      (x#d2 tp#c9b)
      (let-pure
        x#8f7
        (fn
          (self#c4 tp#c9b)
          (fn
            (x#8f6 tp#d)
            (fn
              (x#d1 tp#c9b)
              (let-pure
                x#8f5
                (fn
                  (oth#ca tp#c9b)
                  (fn
                    (x#8f4 tp#d)
                    (let-pure x#8f2 (fn (x#8f0 tp#d) (app neg#a7 oth#ca)))
                    (let-pure x#8f3 (fn (x#8f1 tp#d) oth#ca))
                    (match
                      Bool#19
                      self#c4
                      (clauses
                        ((tvars)
                          (vars)
                          (app x#8f3 (ctor (extern __Unit_Proof__ (data tp#d () (() ()))) 0 ())))
                        ((tvars)
                          (vars)
                          (app x#8f2 (ctor (extern __Unit_Proof__ (data tp#d () (() ()))) 0 ()))))
                      tp#c9b
                      (effect)))))
              (let x#e0b (app x#8f5 x#d1))
              (app x#e0b (ctor (extern __Unit_Proof__ (data tp#d () (() ()))) 0 ()))))))
      (let x#e0a (app x#8f7 x#d2))
      (app x#e0a (ctor (extern __Unit_Proof__ (data tp#d () (() ()))) 0 ()))))
  (let-pure
    gt#e9
    (fn
      (x#e8 tp#c9b)
      (let-pure
        x#900
        (fn
          (self#da tp#c9b)
          (fn
            (x#8ff tp#d)
            (fn
              (x#e7 tp#c9b)
              (let-pure
                x#8fe
                (fn
                  (oth#e0 tp#c9b)
                  (fn
                    (x#8fd tp#d)
                    (let-pure x#8fb (fn (x#8f9 tp#d) (app neg#a7 oth#e0)))
                    (let-pure x#8fc (fn (x#8fa tp#d) (ctor Bool#19 0 ())))
                    (match
                      Bool#19
                      self#da
                      (clauses
                        ((tvars)
                          (vars)
                          (app x#8fc (ctor (extern __Unit_Proof__ (data tp#d () (() ()))) 0 ())))
                        ((tvars)
                          (vars)
                          (app x#8fb (ctor (extern __Unit_Proof__ (data tp#d () (() ()))) 0 ()))))
                      tp#c9b
                      (effect)))))
              (let x#e09 (app x#8fe x#e7))
              (app x#e09 (ctor (extern __Unit_Proof__ (data tp#d () (() ()))) 0 ()))))))
      (let x#e08 (app x#900 x#e8))
      (app x#e08 (ctor (extern __Unit_Proof__ (data tp#d () (() ()))) 0 ()))))
  (let-pure
    lt#ff
    (fn
      (x#fe tp#c9b)
      (let-pure
        x#90a
        (fn
          (self#f0 tp#c9b)
          (fn
            (x#909 tp#d)
            (fn
              (x#fd tp#c9b)
              (let-pure
                x#908
                (fn
                  (oth#f6 tp#c9b)
                  (fn
                    (x#907 tp#d)
                    (let-pure x#904 (fn (x#902 tp#d) oth#f6))
                    (let-pure x#905 (fn (x#903 tp#d) (ctor Bool#19 0 ())))
                    (let x#906 (app neg#a7 self#f0))
                    (match
                      Bool#19
                      x#906
                      (clauses
                        ((tvars)
                          (vars)
                          (app x#905 (ctor (extern __Unit_Proof__ (data tp#d () (() ()))) 0 ())))
                        ((tvars)
                          (vars)
                          (app x#904 (ctor (extern __Unit_Proof__ (data tp#d () (() ()))) 0 ()))))
                      tp#c9b
                      (effect)))))
              (let x#e07 (app x#908 x#fd))
              (app x#e07 (ctor (extern __Unit_Proof__ (data tp#d () (() ()))) 0 ()))))))
      (let x#e06 (app x#90a x#fe))
      (app x#e06 (ctor (extern __Unit_Proof__ (data tp#d () (() ()))) 0 ()))))
  (let-pure
    ge#115
    (fn
      (x#114 tp#c9b)
      (let-pure
        x#913
        (fn
          (self#106 tp#c9b)
          (fn
            (x#912 tp#d)
            (fn
              (x#113 tp#c9b)
              (let-pure
                x#911
                (fn
                  (oth#10c tp#c9b)
                  (fn
                    (x#910 tp#d)
                    (let-pure x#90e (fn (x#90c tp#d) (ctor Bool#19 1 ())))
                    (let-pure x#90f (fn (x#90d tp#d) (app neg#a7 oth#10c)))
                    (match
                      Bool#19
                      self#106
                      (clauses
                        ((tvars)
                          (vars)
                          (app x#90f (ctor (extern __Unit_Proof__ (data tp#d () (() ()))) 0 ())))
                        ((tvars)
                          (vars)
                          (app x#90e (ctor (extern __Unit_Proof__ (data tp#d () (() ()))) 0 ()))))
                      tp#c9b
                      (effect)))))
              (let x#e05 (app x#911 x#113))
              (app x#e05 (ctor (extern __Unit_Proof__ (data tp#d () (() ()))) 0 ()))))))
      (let x#e04 (app x#913 x#114))
      (app x#e04 (ctor (extern __Unit_Proof__ (data tp#d () (() ()))) 0 ()))))
  (let-pure
    le#12b
    (fn
      (x#12a tp#c9b)
      (let-pure
        x#91d
        (fn
          (self#11c tp#c9b)
          (fn
            (x#91c tp#d)
            (fn
              (x#129 tp#c9b)
              (let-pure
                x#91b
                (fn
                  (oth#122 tp#c9b)
                  (fn
                    (x#91a tp#d)
                    (let-pure x#917 (fn (x#915 tp#d) (ctor Bool#19 1 ())))
                    (let-pure x#918 (fn (x#916 tp#d) oth#122))
                    (let x#919 (app neg#a7 self#11c))
                    (match
                      Bool#19
                      x#919
                      (clauses
                        ((tvars)
                          (vars)
                          (app x#918 (ctor (extern __Unit_Proof__ (data tp#d () (() ()))) 0 ())))
                        ((tvars)
                          (vars)
                          (app x#917 (ctor (extern __Unit_Proof__ (data tp#d () (() ()))) 0 ()))))
                      tp#c9b
                      (effect)))))
              (let x#e03 (app x#91b x#129))
              (app x#e03 (ctor (extern __Unit_Proof__ (data tp#d () (() ()))) 0 ()))))))
      (let x#e02 (app x#91d x#12a))
      (app x#e02 (ctor (extern __Unit_Proof__ (data tp#d () (() ()))) 0 ()))))
  (let-pure code#12e (extern dbl_chrCode (tp#a -> tp#a)))
  (let-pure equal#132 (extern dbl_eqInt (tp#a tp#a -> tp#c9b)))
  (let-pure neq#136 (extern dbl_neqInt (tp#a tp#a -> tp#c9b)))
  (let-pure gt#13a (extern dbl_gtInt (tp#a tp#a -> tp#c9b)))
  (let-pure lt#13e (extern dbl_ltInt (tp#a tp#a -> tp#c9b)))
  (let-pure ge#142 (extern dbl_geInt (tp#a tp#a -> tp#c9b)))
  (let-pure le#146 (extern dbl_leInt (tp#a tp#a -> tp#c9b)))
  (let-pure toString#149 (extern dbl_chrToString (tp#a -> tp#c)))
  (let-pure
    (- .)#163
    (tfun
      (tp#dfd type)
      (tfun
        (tp#dfe type)
        (tfun
          (tp#dff effect)
          (fn
            (x#162 (tp#dfd -> tp#dfe (effect tp#dff tp#10)))
            (let-pure
              x#930
              (fn
                (neg#157 (tp#dfd -> tp#dfe (effect tp#dff tp#10)))
                (fn
                  (x#92f tp#d)
                  (fn
                    (x#161 tp#dfd)
                    (let-pure x#92e (fn (x#160 tp#dfd) (fn (x#92d tp#d) (app neg#157 x#160))))
                    (let x#e01 (app x#92e x#161))
                    (app x#e01 (ctor (extern __Unit_Proof__ (data tp#d () (() ()))) 0 ()))))))
            (let x#e00 (app x#930 x#162))
            (app x#e00 (ctor (extern __Unit_Proof__ (data tp#d () (() ()))) 0 ())))))))
  (let-pure
    (+)#17a
    (tfun
      (tp#df9 type)
      (tfun
        (tp#dfa type)
        (fn
          (x#179 (tp#df9 -> tp#dfa))
          (let-pure
            x#940
            (fn
              (add#16e (tp#df9 -> tp#dfa))
              (fn
                (x#93f tp#d)
                (fn
                  (x#178 tp#df9)
                  (let-pure x#93e (fn (x#177 tp#df9) (fn (x#93d tp#d) (app add#16e x#177))))
                  (let x#dfc (app x#93e x#178))
                  (app x#dfc (ctor (extern __Unit_Proof__ (data tp#d () (() ()))) 0 ()))))))
          (let x#dfb (app x#940 x#179))
          (app x#dfb (ctor (extern __Unit_Proof__ (data tp#d () (() ()))) 0 ()))))))
  (let-pure
    (-)#191
    (tfun
      (tp#df5 type)
      (tfun
        (tp#df6 type)
        (fn
          (x#190 (tp#df5 -> tp#df6))
          (let-pure
            x#948
            (fn
              (sub#185 (tp#df5 -> tp#df6))
              (fn
                (x#947 tp#d)
                (fn
                  (x#18f tp#df5)
                  (let-pure x#946 (fn (x#18e tp#df5) (fn (x#945 tp#d) (app sub#185 x#18e))))
                  (let x#df8 (app x#946 x#18f))
                  (app x#df8 (ctor (extern __Unit_Proof__ (data tp#d () (() ()))) 0 ()))))))
          (let x#df7 (app x#948 x#190))
          (app x#df7 (ctor (extern __Unit_Proof__ (data tp#d () (() ()))) 0 ()))))))
  (let-pure
    (%)#1a8
    (tfun
      (tp#df1 type)
      (tfun
        (tp#df2 type)
        (fn
          (x#1a7 (tp#df1 -> tp#df2))
          (let-pure
            x#950
            (fn
              (mod#19c (tp#df1 -> tp#df2))
              (fn
                (x#94f tp#d)
                (fn
                  (x#1a6 tp#df1)
                  (let-pure x#94e (fn (x#1a5 tp#df1) (fn (x#94d tp#d) (app mod#19c x#1a5))))
                  (let x#df4 (app x#94e x#1a6))
                  (app x#df4 (ctor (extern __Unit_Proof__ (data tp#d () (() ()))) 0 ()))))))
          (let x#df3 (app x#950 x#1a7))
          (app x#df3 (ctor (extern __Unit_Proof__ (data tp#d () (() ()))) 0 ()))))))
  (let-pure
    (/)#1bf
    (tfun
      (tp#ded type)
      (tfun
        (tp#dee type)
        (fn
          (x#1be (tp#ded -> tp#dee))
          (let-pure
            x#958
            (fn
              (div#1b3 (tp#ded -> tp#dee))
              (fn
                (x#957 tp#d)
                (fn
                  (x#1bd tp#ded)
                  (let-pure x#956 (fn (x#1bc tp#ded) (fn (x#955 tp#d) (app div#1b3 x#1bc))))
                  (let x#df0 (app x#956 x#1bd))
                  (app x#df0 (ctor (extern __Unit_Proof__ (data tp#d () (() ()))) 0 ()))))))
          (let x#def (app x#958 x#1be))
          (app x#def (ctor (extern __Unit_Proof__ (data tp#d () (() ()))) 0 ()))))))
  (let-pure
    (*)#1d6
    (tfun
      (tp#de9 type)
      (tfun
        (tp#dea type)
        (fn
          (x#1d5 (tp#de9 -> tp#dea))
          (let-pure
            x#960
            (fn
              (mul#1ca (tp#de9 -> tp#dea))
              (fn
                (x#95f tp#d)
                (fn
                  (x#1d4 tp#de9)
                  (let-pure x#95e (fn (x#1d3 tp#de9) (fn (x#95d tp#d) (app mul#1ca x#1d3))))
                  (let x#dec (app x#95e x#1d4))
                  (app x#dec (ctor (extern __Unit_Proof__ (data tp#d () (() ()))) 0 ()))))))
          (let x#deb (app x#960 x#1d5))
          (app x#deb (ctor (extern __Unit_Proof__ (data tp#d () (() ()))) 0 ()))))))
  (let-pure
    (==)#1ed
    (tfun
      (tp#de5 type)
      (tfun
        (tp#de6 type)
        (fn
          (x#1ec (tp#de5 -> tp#de6))
          (let-pure
            x#968
            (fn
              (equal#1e1 (tp#de5 -> tp#de6))
              (fn
                (x#967 tp#d)
                (fn
                  (x#1eb tp#de5)
                  (let-pure x#966 (fn (x#1ea tp#de5) (fn (x#965 tp#d) (app equal#1e1 x#1ea))))
                  (let x#de8 (app x#966 x#1eb))
                  (app x#de8 (ctor (extern __Unit_Proof__ (data tp#d () (() ()))) 0 ()))))))
          (let x#de7 (app x#968 x#1ec))
          (app x#de7 (ctor (extern __Unit_Proof__ (data tp#d () (() ()))) 0 ()))))))
  (let-pure
    (!=)#204
    (tfun
      (tp#de1 type)
      (tfun
        (tp#de2 type)
        (fn
          (x#203 (tp#de1 -> tp#de2))
          (let-pure
            x#970
            (fn
              (neq#1f8 (tp#de1 -> tp#de2))
              (fn
                (x#96f tp#d)
                (fn
                  (x#202 tp#de1)
                  (let-pure x#96e (fn (x#201 tp#de1) (fn (x#96d tp#d) (app neq#1f8 x#201))))
                  (let x#de4 (app x#96e x#202))
                  (app x#de4 (ctor (extern __Unit_Proof__ (data tp#d () (() ()))) 0 ()))))))
          (let x#de3 (app x#970 x#203))
          (app x#de3 (ctor (extern __Unit_Proof__ (data tp#d () (() ()))) 0 ()))))))
  (let-pure
    (>)#21b
    (tfun
      (tp#ddd type)
      (tfun
        (tp#dde type)
        (fn
          (x#21a (tp#ddd -> tp#dde))
          (let-pure
            x#978
            (fn
              (gt#20f (tp#ddd -> tp#dde))
              (fn
                (x#977 tp#d)
                (fn
                  (x#219 tp#ddd)
                  (let-pure x#976 (fn (x#218 tp#ddd) (fn (x#975 tp#d) (app gt#20f x#218))))
                  (let x#de0 (app x#976 x#219))
                  (app x#de0 (ctor (extern __Unit_Proof__ (data tp#d () (() ()))) 0 ()))))))
          (let x#ddf (app x#978 x#21a))
          (app x#ddf (ctor (extern __Unit_Proof__ (data tp#d () (() ()))) 0 ()))))))
  (let-pure
    (>=)#232
    (tfun
      (tp#dd9 type)
      (tfun
        (tp#dda type)
        (fn
          (x#231 (tp#dd9 -> tp#dda))
          (let-pure
            x#980
            (fn
              (ge#226 (tp#dd9 -> tp#dda))
              (fn
                (x#97f tp#d)
                (fn
                  (x#230 tp#dd9)
                  (let-pure x#97e (fn (x#22f tp#dd9) (fn (x#97d tp#d) (app ge#226 x#22f))))
                  (let x#ddc (app x#97e x#230))
                  (app x#ddc (ctor (extern __Unit_Proof__ (data tp#d () (() ()))) 0 ()))))))
          (let x#ddb (app x#980 x#231))
          (app x#ddb (ctor (extern __Unit_Proof__ (data tp#d () (() ()))) 0 ()))))))
  (let-pure
    (<)#249
    (tfun
      (tp#dd5 type)
      (tfun
        (tp#dd6 type)
        (fn
          (x#248 (tp#dd5 -> tp#dd6))
          (let-pure
            x#988
            (fn
              (lt#23d (tp#dd5 -> tp#dd6))
              (fn
                (x#987 tp#d)
                (fn
                  (x#247 tp#dd5)
                  (let-pure x#986 (fn (x#246 tp#dd5) (fn (x#985 tp#d) (app lt#23d x#246))))
                  (let x#dd8 (app x#986 x#247))
                  (app x#dd8 (ctor (extern __Unit_Proof__ (data tp#d () (() ()))) 0 ()))))))
          (let x#dd7 (app x#988 x#248))
          (app x#dd7 (ctor (extern __Unit_Proof__ (data tp#d () (() ()))) 0 ()))))))
  (let-pure
    (<=)#260
    (tfun
      (tp#dd1 type)
      (tfun
        (tp#dd2 type)
        (fn
          (x#25f (tp#dd1 -> tp#dd2))
          (let-pure
            x#990
            (fn
              (le#254 (tp#dd1 -> tp#dd2))
              (fn
                (x#98f tp#d)
                (fn
                  (x#25e tp#dd1)
                  (let-pure x#98e (fn (x#25d tp#dd1) (fn (x#98d tp#d) (app le#254 x#25d))))
                  (let x#dd4 (app x#98e x#25e))
                  (app x#dd4 (ctor (extern __Unit_Proof__ (data tp#d () (() ()))) 0 ()))))))
          (let x#dd3 (app x#990 x#25f))
          (app x#dd3 (ctor (extern __Unit_Proof__ (data tp#d () (() ()))) 0 ()))))))
  (let-pure
    (&&&)#277
    (tfun
      (tp#dcd type)
      (tfun
        (tp#dce type)
        (fn
          (x#276 (tp#dcd -> tp#dce))
          (let-pure
            x#998
            (fn
              (land#26b (tp#dcd -> tp#dce))
              (fn
                (x#997 tp#d)
                (fn
                  (x#275 tp#dcd)
                  (let-pure x#996 (fn (x#274 tp#dcd) (fn (x#995 tp#d) (app land#26b x#274))))
                  (let x#dd0 (app x#996 x#275))
                  (app x#dd0 (ctor (extern __Unit_Proof__ (data tp#d () (() ()))) 0 ()))))))
          (let x#dcf (app x#998 x#276))
          (app x#dcf (ctor (extern __Unit_Proof__ (data tp#d () (() ()))) 0 ()))))))
  (let-pure
    (^^^)#28e
    (tfun
      (tp#dc9 type)
      (tfun
        (tp#dca type)
        (fn
          (x#28d (tp#dc9 -> tp#dca))
          (let-pure
            x#9a0
            (fn
              (lxor#282 (tp#dc9 -> tp#dca))
              (fn
                (x#99f tp#d)
                (fn
                  (x#28c tp#dc9)
                  (let-pure x#99e (fn (x#28b tp#dc9) (fn (x#99d tp#d) (app lxor#282 x#28b))))
                  (let x#dcc (app x#99e x#28c))
                  (app x#dcc (ctor (extern __Unit_Proof__ (data tp#d () (() ()))) 0 ()))))))
          (let x#dcb (app x#9a0 x#28d))
          (app x#dcb (ctor (extern __Unit_Proof__ (data tp#d () (() ()))) 0 ()))))))
  (let-pure
    (|||)#2a5
    (tfun
      (tp#dc5 type)
      (tfun
        (tp#dc6 type)
        (fn
          (x#2a4 (tp#dc5 -> tp#dc6))
          (let-pure
            x#9a8
            (fn
              (lor#299 (tp#dc5 -> tp#dc6))
              (fn
                (x#9a7 tp#d)
                (fn
                  (x#2a3 tp#dc5)
                  (let-pure x#9a6 (fn (x#2a2 tp#dc5) (fn (x#9a5 tp#d) (app lor#299 x#2a2))))
                  (let x#dc8 (app x#9a6 x#2a3))
                  (app x#dc8 (ctor (extern __Unit_Proof__ (data tp#d () (() ()))) 0 ()))))))
          (let x#dc7 (app x#9a8 x#2a4))
          (app x#dc7 (ctor (extern __Unit_Proof__ (data tp#d () (() ()))) 0 ()))))))
  (let-pure
    (<<)#2bc
    (tfun
      (tp#dc1 type)
      (tfun
        (tp#dc2 type)
        (fn
          (x#2bb (tp#dc1 -> tp#dc2))
          (let-pure
            x#9b0
            (fn
              (shiftl#2b0 (tp#dc1 -> tp#dc2))
              (fn
                (x#9af tp#d)
                (fn
                  (x#2ba tp#dc1)
                  (let-pure x#9ae (fn (x#2b9 tp#dc1) (fn (x#9ad tp#d) (app shiftl#2b0 x#2b9))))
                  (let x#dc4 (app x#9ae x#2ba))
                  (app x#dc4 (ctor (extern __Unit_Proof__ (data tp#d () (() ()))) 0 ()))))))
          (let x#dc3 (app x#9b0 x#2bb))
          (app x#dc3 (ctor (extern __Unit_Proof__ (data tp#d () (() ()))) 0 ()))))))
  (let-pure
    (>>)#2d3
    (tfun
      (tp#dbd type)
      (tfun
        (tp#dbe type)
        (fn
          (x#2d2 (tp#dbd -> tp#dbe))
          (let-pure
            x#9b8
            (fn
              (shiftr#2c7 (tp#dbd -> tp#dbe))
              (fn
                (x#9b7 tp#d)
                (fn
                  (x#2d1 tp#dbd)
                  (let-pure x#9b6 (fn (x#2d0 tp#dbd) (fn (x#9b5 tp#d) (app shiftr#2c7 x#2d0))))
                  (let x#dc0 (app x#9b6 x#2d1))
                  (app x#dc0 (ctor (extern __Unit_Proof__ (data tp#d () (() ()))) 0 ()))))))
          (let x#dbf (app x#9b8 x#2d2))
          (app x#dbf (ctor (extern __Unit_Proof__ (data tp#d () (() ()))) 0 ()))))))
  (let-pure
    (>>>)#2ea
    (tfun
      (tp#db9 type)
      (tfun
        (tp#dba type)
        (fn
          (x#2e9 (tp#db9 -> tp#dba))
          (let-pure
            x#9c0
            (fn
              (ashiftr#2de (tp#db9 -> tp#dba))
              (fn
                (x#9bf tp#d)
                (fn
                  (x#2e8 tp#db9)
                  (let-pure x#9be (fn (x#2e7 tp#db9) (fn (x#9bd tp#d) (app ashiftr#2de x#2e7))))
                  (let x#dbc (app x#9be x#2e8))
                  (app x#dbc (ctor (extern __Unit_Proof__ (data tp#d () (() ()))) 0 ()))))))
          (let x#dbb (app x#9c0 x#2e9))
          (app x#dbb (ctor (extern __Unit_Proof__ (data tp#d () (() ()))) 0 ()))))))
  (let-pure
    (:=)#301
    (tfun
      (tp#db5 type)
      (tfun
        (tp#db6 type)
        (fn
          (x#300 (tp#db5 -> tp#db6))
          (let-pure
            x#9c8
            (fn
              (set#2f5 (tp#db5 -> tp#db6))
              (fn
                (x#9c7 tp#d)
                (fn
                  (x#2ff tp#db5)
                  (let-pure x#9c6 (fn (x#2fe tp#db5) (fn (x#9c5 tp#d) (app set#2f5 x#2fe))))
                  (let x#db8 (app x#9c6 x#2ff))
                  (app x#db8 (ctor (extern __Unit_Proof__ (data tp#d () (() ()))) 0 ()))))))
          (let x#db7 (app x#9c8 x#300))
          (app x#db7 (ctor (extern __Unit_Proof__ (data tp#d () (() ()))) 0 ()))))))
  (let-pure toString#307 (extern dbl_intToString (tp#a -> tp#c)))
  (let-pure toInt64#30d (extern dbl_intToInt64 (tp#a -> tp#b)))
  (let-pure equal#314 (extern dbl_eqInt (tp#a tp#a -> tp#c9b)))
  (let-pure neq#31b (extern dbl_neqInt (tp#a tp#a -> tp#c9b)))
  (let-pure gt#322 (extern dbl_gtInt (tp#a tp#a -> tp#c9b)))
  (let-pure lt#329 (extern dbl_ltInt (tp#a tp#a -> tp#c9b)))
  (let-pure ge#330 (extern dbl_geInt (tp#a tp#a -> tp#c9b)))
  (let-pure le#337 (extern dbl_leInt (tp#a tp#a -> tp#c9b)))
  (let-pure add#33e (extern dbl_addInt (tp#a tp#a -> tp#a)))
  (let-pure sub#345 (extern dbl_subInt (tp#a tp#a -> tp#a)))
  (let-pure mul#34c (extern dbl_mulInt (tp#a tp#a -> tp#a)))
  (let-pure
    div#372
    (fn
      (x#36e tp#a)
      (let-pure
        x#9df
        (fn
          (self#356 tp#a)
          (fn
            (x#9de tp#d)
            (fn
              (x#36d tp#a)
              (let-pure
                x#9dd
                (fn
                  (n#35c tp#a)
                  (fn
                    (x#9dc tp#d)
                    (let-pure
                      x#9da
                      (fn
                        (x#9d9 tp#d)
                        (let x#db4 (app (extern dbl_divInt (tp#a tp#a -> tp#a)) self#356))
                        (app x#db4 n#35c)))
                    (let
                      x#9db
                      (defs
                        (let-pure x#35e ("Division by zero"))
                        (let
                          x#dad
                          (defs
                            (let
                              x#db3
                              (app
                                (fn
                                  (x#9d7 tp#c)
                                  (ctor
                                    (tapp
                                      (extern
                                        __Option_Proof__
                                        (forall
                                          (tp#12 type)
                                          (data (app tp#e tp#12) () (None ()) (Some () tp#12))))
                                      tp#c)
                                    1
                                    ()
                                    x#9d7))
                                x#35e))
                            (app assert#89 x#db3)))
                        (let
                          x#dae
                          (defs
                            (let
                              x#daf
                              (defs
                                (let
                                  x#db0
                                  (defs
                                    (let
                                      x#db1
                                      (defs
                                        (let x#db2 (tapp (!=)#204 tp#a))
                                        (tapp x#db2 (tp#a -> tp#c9b tp#10))))
                                    (app x#db1 neq#31b)))
                                (app x#db0 n#35c)))
                            (app x#daf (0))))
                        (app x#dad x#dae)))
                    (app x#9da (ctor (extern __Unit_Proof__ (data tp#d () (() ()))) 0 ())))))
              (let x#dac (app x#9dd x#36d))
              (app x#dac (ctor (extern __Unit_Proof__ (data tp#d () (() ()))) 0 ()))))))
      (let x#dab (app x#9df x#36e))
      (app x#dab (ctor (extern __Unit_Proof__ (data tp#d () (() ()))) 0 ()))))
  (let-pure
    mod#398
    (fn
      (x#394 tp#a)
      (let-pure
        x#9eb
        (fn
          (self#37c tp#a)
          (fn
            (x#9ea tp#d)
            (fn
              (x#393 tp#a)
              (let-pure
                x#9e9
                (fn
                  (n#382 tp#a)
                  (fn
                    (x#9e8 tp#d)
                    (let-pure
                      x#9e6
                      (fn
                        (x#9e5 tp#d)
                        (let x#daa (app (extern dbl_modInt (tp#a tp#a -> tp#a)) self#37c))
                        (app x#daa n#382)))
                    (let
                      x#9e7
                      (defs
                        (let-pure x#384 ("Division by zero"))
                        (let
                          x#da3
                          (defs
                            (let
                              x#da9
                              (app
                                (fn
                                  (x#9e3 tp#c)
                                  (ctor
                                    (tapp
                                      (extern
                                        __Option_Proof__
                                        (forall
                                          (tp#12 type)
                                          (data (app tp#e tp#12) () (None ()) (Some () tp#12))))
                                      tp#c)
                                    1
                                    ()
                                    x#9e3))
                                x#384))
                            (app assert#89 x#da9)))
                        (let
                          x#da4
                          (defs
                            (let
                              x#da5
                              (defs
                                (let
                                  x#da6
                                  (defs
                                    (let
                                      x#da7
                                      (defs
                                        (let x#da8 (tapp (!=)#204 tp#a))
                                        (tapp x#da8 (tp#a -> tp#c9b tp#10))))
                                    (app x#da7 neq#31b)))
                                (app x#da6 n#382)))
                            (app x#da5 (0))))
                        (app x#da3 x#da4)))
                    (app x#9e6 (ctor (extern __Unit_Proof__ (data tp#d () (() ()))) 0 ())))))
              (let x#da2 (app x#9e9 x#393))
              (app x#da2 (ctor (extern __Unit_Proof__ (data tp#d () (() ()))) 0 ()))))))
      (let x#da1 (app x#9eb x#394))
      (app x#da1 (ctor (extern __Unit_Proof__ (data tp#d () (() ()))) 0 ()))))
  (let-pure
    neg#3af
    (fn
      (x#3ab tp#a)
      (let-pure
        x#9f0
        (fn
          (self#3a2 tp#a)
          (fn
            (x#9ef tp#d)
            (let
              x#d9d
              (defs
                (let
                  x#d9e
                  (defs
                    (let
                      x#d9f
                      (defs (let x#da0 (tapp (-)#191 tp#a)) (tapp x#da0 (tp#a -> tp#a tp#10))))
                    (app x#d9f sub#345)))
                (app x#d9e (0))))
            (app x#d9d self#3a2))))
      (let x#d9c (app x#9f0 x#3ab))
      (app x#d9c (ctor (extern __Unit_Proof__ (data tp#d () (() ()))) 0 ()))))
  (let-pure land#3b6 (extern dbl_andInt (tp#a tp#a -> tp#a)))
  (let-pure lor#3bd (extern dbl_orInt (tp#a tp#a -> tp#a)))
  (let-pure lxor#3c4 (extern dbl_xorInt (tp#a tp#a -> tp#a)))
  (let-pure shiftl#3cb (extern dbl_lslInt (tp#a tp#a -> tp#a)))
  (let-pure shiftr#3d2 (extern dbl_lsrInt (tp#a tp#a -> tp#a)))
  (let-pure ashiftr#3d9 (extern dbl_asrInt (tp#a tp#a -> tp#a)))
  (let-pure equal#3e0 (extern dbl_eqInt64 (tp#b tp#b -> tp#c9b)))
  (let-pure neq#3e7 (extern dbl_neqInt64 (tp#b tp#b -> tp#c9b)))
  (let-pure gt#3ee (extern dbl_gtInt64 (tp#b tp#b -> tp#c9b)))
  (let-pure lt#3f5 (extern dbl_ltInt64 (tp#b tp#b -> tp#c9b)))
  (let-pure ge#3fc (extern dbl_geInt64 (tp#b tp#b -> tp#c9b)))
  (let-pure le#403 (extern dbl_leInt64 (tp#b tp#b -> tp#c9b)))
  (let-pure neg#409 (extern dbl_negInt64 (tp#b -> tp#b)))
  (let-pure add#410 (extern dbl_addInt64 (tp#b tp#b -> tp#b)))
  (let-pure sub#417 (extern dbl_subInt64 (tp#b tp#b -> tp#b)))
  (let-pure mul#41e (extern dbl_mulInt64 (tp#b tp#b -> tp#b)))
  (let-pure
    div#439
    (fn
      (x#438 tp#b)
      (let-pure
        x#a0b
        (fn
          (self#428 tp#b)
          (fn
            (x#a0a tp#d)
            (fn
              (x#437 tp#b)
              (let-pure
                x#a09
                (fn
                  (n#42e tp#b)
                  (fn
                    (x#a08 tp#d)
                    (let-pure
                      x#a06
                      (fn
                        (x#a05 tp#d)
                        (let x#d9b (app (extern dbl_divInt64 (tp#b tp#b -> tp#b)) self#428))
                        (app x#d9b n#42e)))
                    (let
                      x#a07
                      (defs
                        (let-pure x#430 ("Division by zero"))
                        (let
                          x#d97
                          (defs
                            (let
                              x#d9a
                              (app
                                (fn
                                  (x#a04 tp#c)
                                  (ctor
                                    (tapp
                                      (extern
                                        __Option_Proof__
                                        (forall
                                          (tp#12 type)
                                          (data (app tp#e tp#12) () (None ()) (Some () tp#12))))
                                      tp#c)
                                    1
                                    ()
                                    x#a04))
                                x#430))
                            (app assert#89 x#d9a)))
                        (let x#d98 (defs (let x#d99 (app neq#3e7 n#42e)) (app x#d99 (0L))))
                        (app x#d97 x#d98)))
                    (app x#a06 (ctor (extern __Unit_Proof__ (data tp#d () (() ()))) 0 ())))))
              (let x#d96 (app x#a09 x#437))
              (app x#d96 (ctor (extern __Unit_Proof__ (data tp#d () (() ()))) 0 ()))))))
      (let x#d95 (app x#a0b x#438))
      (app x#d95 (ctor (extern __Unit_Proof__ (data tp#d () (() ()))) 0 ()))))
  (let-pure
    mod#454
    (fn
      (x#453 tp#b)
      (let-pure
        x#a16
        (fn
          (self#443 tp#b)
          (fn
            (x#a15 tp#d)
            (fn
              (x#452 tp#b)
              (let-pure
                x#a14
                (fn
                  (n#449 tp#b)
                  (fn
                    (x#a13 tp#d)
                    (let-pure
                      x#a11
                      (fn
                        (x#a10 tp#d)
                        (let x#d94 (app (extern dbl_modInt64 (tp#b tp#b -> tp#b)) self#443))
                        (app x#d94 n#449)))
                    (let
                      x#a12
                      (defs
                        (let-pure x#44b ("Division by zero"))
                        (let
                          x#d90
                          (defs
                            (let
                              x#d93
                              (app
                                (fn
                                  (x#a0f tp#c)
                                  (ctor
                                    (tapp
                                      (extern
                                        __Option_Proof__
                                        (forall
                                          (tp#12 type)
                                          (data (app tp#e tp#12) () (None ()) (Some () tp#12))))
                                      tp#c)
                                    1
                                    ()
                                    x#a0f))
                                x#44b))
                            (app assert#89 x#d93)))
                        (let x#d91 (defs (let x#d92 (app neq#3e7 n#449)) (app x#d92 (0L))))
                        (app x#d90 x#d91)))
                    (app x#a11 (ctor (extern __Unit_Proof__ (data tp#d () (() ()))) 0 ())))))
              (let x#d8f (app x#a14 x#452))
              (app x#d8f (ctor (extern __Unit_Proof__ (data tp#d () (() ()))) 0 ()))))))
      (let x#d8e (app x#a16 x#453))
      (app x#d8e (ctor (extern __Unit_Proof__ (data tp#d () (() ()))) 0 ()))))
  (let-pure land#45b (extern dbl_andInt64 (tp#b tp#b -> tp#b)))
  (let-pure lor#462 (extern dbl_orInt64 (tp#b tp#b -> tp#b)))
  (let-pure lxor#469 (extern dbl_xorInt64 (tp#b tp#b -> tp#b)))
  (let-pure shiftl#470 (extern dbl_lslInt64 (tp#b tp#b -> tp#b)))
  (let-pure shiftr#477 (extern dbl_lsrInt64 (tp#b tp#b -> tp#b)))
  (let-pure ashiftr#47e (extern dbl_asrInt64 (tp#b tp#b -> tp#b)))
  (let-pure
    succ#495
    (fn
      (x#491 tp#b)
      (let-pure
        x#a21
        (fn
          (self#488 tp#b)
          (fn
            (x#a20 tp#d)
            (let
              x#d8a
              (defs
                (let
                  x#d8b
                  (defs
                    (let
                      x#d8c
                      (defs (let x#d8d (tapp (+)#17a tp#b)) (tapp x#d8d (tp#b -> tp#b tp#10))))
                    (app x#d8c add#410)))
                (app x#d8b self#488)))
            (app x#d8a (1L)))))
      (let x#d89 (app x#a21 x#491))
      (app x#d89 (ctor (extern __Unit_Proof__ (data tp#d () (() ()))) 0 ()))))
  (let-pure
    pred#4ac
    (fn
      (x#4a8 tp#b)
      (let-pure
        x#a26
        (fn
          (self#49f tp#b)
          (fn
            (x#a25 tp#d)
            (let
              x#d85
              (defs
                (let
                  x#d86
                  (defs
                    (let
                      x#d87
                      (defs (let x#d88 (tapp (-)#191 tp#b)) (tapp x#d88 (tp#b -> tp#b tp#10))))
                    (app x#d87 sub#417)))
                (app x#d86 self#49f)))
            (app x#d85 (1L)))))
      (let x#d84 (app x#a26 x#4a8))
      (app x#d84 (ctor (extern __Unit_Proof__ (data tp#d () (() ()))) 0 ()))))
  (let-pure toString#4b2 (extern dbl_int64ToString (tp#b -> tp#c)))
  (let-pure
    toIntErr#4ef
    (tfun
      (tp#d79 effect)
      (cabs
        ()
        (fn
          (x#4e8 (tp#d -> tp#a (effect tp#d79 tp#10)))
          (let-pure
            x#a3b
            (fn
              (~onError#4bc (tp#d -> tp#a (effect tp#d79 tp#10)))
              (fn
                (x#a3a tp#d)
                (fn
                  (x#4e7 tp#b)
                  (let-pure
                    x#a39
                    (fn
                      (self#4c4 tp#b)
                      (fn
                        (x#a38 tp#d)
                        (let-pure
                          x#a35
                          (fn (x#a33 tp#d) (app (extern dbl_int64ToInt (tp#b -> tp#a)) self#4c4)))
                        (let-pure
                          x#a36
                          (fn
                            (x#a34 tp#d)
                            (app
                              ~onError#4bc
                              (ctor (extern __Unit_Proof__ (data tp#d () (() ()))) 0 ()))))
                        (let
                          x#a37
                          (defs
                            (let-pure
                              x#a30
                              (fn
                                (x#a2e tp#d)
                                (let
                                  x#d80
                                  (defs
                                    (let
                                      x#d81
                                      (defs
                                        (let
                                          x#d82
                                          (defs
                                            (let x#d83 (tapp (>=)#232 tp#b))
                                            (tapp x#d83 (tp#b -> tp#c9b tp#10))))
                                        (app x#d82 ge#3fc)))
                                    (app x#d81 self#4c4)))
                                (app x#d80 (-4611686018427387904L))))
                            (let-pure x#a31 (fn (x#a2f tp#d) (ctor Bool#19 0 ())))
                            (let
                              x#a32
                              (defs
                                (let
                                  x#d7c
                                  (defs
                                    (let
                                      x#d7d
                                      (defs
                                        (let
                                          x#d7e
                                          (defs
                                            (let x#d7f (tapp (<=)#260 tp#b))
                                            (tapp x#d7f (tp#b -> tp#c9b tp#10))))
                                        (app x#d7e le#403)))
                                    (app x#d7d self#4c4)))
                                (app x#d7c (4611686018427387903L))))
                            (match
                              Bool#19
                              x#a32
                              (clauses
                                ((tvars)
                                  (vars)
                                  (app
                                    x#a31
                                    (ctor (extern __Unit_Proof__ (data tp#d () (() ()))) 0 ())))
                                ((tvars)
                                  (vars)
                                  (app
                                    x#a30
                                    (ctor (extern __Unit_Proof__ (data tp#d () (() ()))) 0 ()))))
                              tp#c9b
                              (effect tp#d79 tp#10))))
                        (match
                          Bool#19
                          x#a37
                          (clauses
                            ((tvars)
                              (vars)
                              (app
                                x#a36
                                (ctor (extern __Unit_Proof__ (data tp#d () (() ()))) 0 ())))
                            ((tvars)
                              (vars)
                              (app
                                x#a35
                                (ctor (extern __Unit_Proof__ (data tp#d () (() ()))) 0 ()))))
                          tp#a
                          (effect tp#d79 tp#10)))))
                  (let x#d7b (app x#a39 x#4e7))
                  (app x#d7b (ctor (extern __Unit_Proof__ (data tp#d () (() ()))) 0 ()))))))
          (let x#d7a (app x#a3b x#4e8))
          (app x#d7a (ctor (extern __Unit_Proof__ (data tp#d () (() ()))) 0 ()))))))
  (let-pure
    toInt#523
    (fn
      (x#51c tp#b)
      (let-pure
        x#a51
        (fn
          (self#4f9 tp#b)
          (fn
            (x#a50 tp#d)
            (let-pure
              x#a4d
              (fn
                (x#a49 tp#d)
                (let
                  x#d76
                  (tapp
                    (tfun
                      (tp#d78 type)
                      (fn
                        (x#a48 tp#d78)
                        (ctor
                          (tapp
                            (extern
                              __Option_Proof__
                              (forall
                                (tp#12 type)
                                (data (app tp#e tp#12) () (None ()) (Some () tp#12))))
                            tp#d78)
                          1
                          ()
                          x#a48)))
                    tp#a))
                (let x#d77 (app (extern dbl_int64ToInt (tp#b -> tp#a)) self#4f9))
                (app x#d76 x#d77)))
            (let-pure
              x#a4e
              (fn
                (x#a4c tp#d)
                (tapp
                  (tfun
                    (tp#d75 type)
                    (ctor
                      (tapp
                        (extern
                          __Option_Proof__
                          (forall
                            (tp#12 type)
                            (data (app tp#e tp#12) () (None ()) (Some () tp#12))))
                        tp#d75)
                      0
                      ()))
                  tp#a)))
            (let
              x#a4f
              (defs
                (let-pure
                  x#a43
                  (fn
                    (x#a41 tp#d)
                    (let
                      x#d71
                      (defs
                        (let
                          x#d72
                          (defs
                            (let
                              x#d73
                              (defs
                                (let x#d74 (tapp (>=)#232 tp#b))
                                (tapp x#d74 (tp#b -> tp#c9b tp#10))))
                            (app x#d73 ge#3fc)))
                        (app x#d72 self#4f9)))
                    (app x#d71 (9223372036854775807L))))
                (let-pure x#a44 (fn (x#a42 tp#d) (ctor Bool#19 0 ())))
                (let
                  x#a45
                  (defs
                    (let
                      x#d6d
                      (defs
                        (let
                          x#d6e
                          (defs
                            (let
                              x#d6f
                              (defs
                                (let x#d70 (tapp (<=)#260 tp#b))
                                (tapp x#d70 (tp#b -> tp#c9b tp#10))))
                            (app x#d6f le#403)))
                        (app x#d6e self#4f9)))
                    (app x#d6d (4611686018427387903L))))
                (match
                  Bool#19
                  x#a45
                  (clauses
                    ((tvars)
                      (vars)
                      (app x#a44 (ctor (extern __Unit_Proof__ (data tp#d () (() ()))) 0 ())))
                    ((tvars)
                      (vars)
                      (app x#a43 (ctor (extern __Unit_Proof__ (data tp#d () (() ()))) 0 ()))))
                  tp#c9b
                  tp#10)))
            (match
              Bool#19
              x#a4f
              (clauses
                ((tvars)
                  (vars)
                  (app x#a4e (ctor (extern __Unit_Proof__ (data tp#d () (() ()))) 0 ())))
                ((tvars)
                  (vars)
                  (app x#a4d (ctor (extern __Unit_Proof__ (data tp#d () (() ()))) 0 ()))))
              (app tp#e tp#a)
              tp#10))))
      (let x#d6c (app x#a51 x#51c))
      (app x#d6c (ctor (extern __Unit_Proof__ (data tp#d () (() ()))) 0 ()))))
  (let-pure
    abs#540
    (fn
      (x#53c tp#b)
      (let-pure
        x#a5b
        (fn
          (self#52d tp#b)
          (fn
            (x#a5a tp#d)
            (let-pure x#a57 (fn (x#a55 tp#d) (app neg#409 self#52d)))
            (let-pure x#a58 (fn (x#a56 tp#d) self#52d))
            (let
              x#a59
              (defs
                (let
                  x#d68
                  (defs
                    (let
                      x#d69
                      (defs
                        (let
                          x#d6a
                          (defs
                            (let x#d6b (tapp (<)#249 tp#b))
                            (tapp x#d6b (tp#b -> tp#c9b tp#10))))
                        (app x#d6a lt#3f5)))
                    (app x#d69 self#52d)))
                (app x#d68 (0L))))
            (match
              Bool#19
              x#a59
              (clauses
                ((tvars)
                  (vars)
                  (app x#a58 (ctor (extern __Unit_Proof__ (data tp#d () (() ()))) 0 ())))
                ((tvars)
                  (vars)
                  (app x#a57 (ctor (extern __Unit_Proof__ (data tp#d () (() ()))) 0 ()))))
              tp#b
              tp#10))))
      (let x#d67 (app x#a5b x#53c))
      (app x#d67 (ctor (extern __Unit_Proof__ (data tp#d () (() ()))) 0 ()))))
  (let-pure
    min#565
    (fn
      (x#561 tp#b)
      (let-pure
        x#a68
        (fn
          (self#54a tp#b)
          (fn
            (x#a67 tp#d)
            (fn
              (x#560 tp#b)
              (let-pure
                x#a66
                (fn
                  (oth#550 tp#b)
                  (fn
                    (x#a65 tp#d)
                    (let-pure x#a62 (fn (x#a60 tp#d) self#54a))
                    (let-pure x#a63 (fn (x#a61 tp#d) oth#550))
                    (let
                      x#a64
                      (defs
                        (let
                          x#d63
                          (defs
                            (let
                              x#d64
                              (defs
                                (let
                                  x#d65
                                  (defs
                                    (let x#d66 (tapp (<=)#260 tp#b))
                                    (tapp x#d66 (tp#b -> tp#c9b tp#10))))
                                (app x#d65 le#403)))
                            (app x#d64 self#54a)))
                        (app x#d63 oth#550)))
                    (match
                      Bool#19
                      x#a64
                      (clauses
                        ((tvars)
                          (vars)
                          (app x#a63 (ctor (extern __Unit_Proof__ (data tp#d () (() ()))) 0 ())))
                        ((tvars)
                          (vars)
                          (app x#a62 (ctor (extern __Unit_Proof__ (data tp#d () (() ()))) 0 ()))))
                      tp#b
                      tp#10))))
              (let x#d62 (app x#a66 x#560))
              (app x#d62 (ctor (extern __Unit_Proof__ (data tp#d () (() ()))) 0 ()))))))
      (let x#d61 (app x#a68 x#561))
      (app x#d61 (ctor (extern __Unit_Proof__ (data tp#d () (() ()))) 0 ()))))
  (let-pure
    max#58a
    (fn
      (x#586 tp#b)
      (let-pure
        x#a75
        (fn
          (self#56f tp#b)
          (fn
            (x#a74 tp#d)
            (fn
              (x#585 tp#b)
              (let-pure
                x#a73
                (fn
                  (oth#575 tp#b)
                  (fn
                    (x#a72 tp#d)
                    (let-pure x#a6f (fn (x#a6d tp#d) self#56f))
                    (let-pure x#a70 (fn (x#a6e tp#d) oth#575))
                    (let
                      x#a71
                      (defs
                        (let
                          x#d5d
                          (defs
                            (let
                              x#d5e
                              (defs
                                (let
                                  x#d5f
                                  (defs
                                    (let x#d60 (tapp (>=)#232 tp#b))
                                    (tapp x#d60 (tp#b -> tp#c9b tp#10))))
                                (app x#d5f ge#3fc)))
                            (app x#d5e self#56f)))
                        (app x#d5d oth#575)))
                    (match
                      Bool#19
                      x#a71
                      (clauses
                        ((tvars)
                          (vars)
                          (app x#a70 (ctor (extern __Unit_Proof__ (data tp#d () (() ()))) 0 ())))
                        ((tvars)
                          (vars)
                          (app x#a6f (ctor (extern __Unit_Proof__ (data tp#d () (() ()))) 0 ()))))
                      tp#b
                      tp#10))))
              (let x#d5c (app x#a73 x#585))
              (app x#d5c (ctor (extern __Unit_Proof__ (data tp#d () (() ()))) 0 ()))))))
      (let x#d5b (app x#a75 x#586))
      (app x#d5b (ctor (extern __Unit_Proof__ (data tp#d () (() ()))) 0 ()))))
  (let-pure
    unwrapOr#5aa
    (tfun
      (tp#d57 type)
      (fn
        (x#5a8 (app tp#e tp#d57))
        (let-pure
          x#a81
          (fn
            (self#594 (app tp#e tp#d57))
            (fn
              (x#a80 tp#d)
              (fn
                (x#5a7 tp#d57)
                (let-pure
                  x#a7f
                  (fn
                    (default#59a tp#d57)
                    (fn
                      (x#a7e tp#d)
                      (let-pure x#a7b (fn (x#a79 tp#d) default#59a))
                      (let-pure x#a7c (fn (x#5a6 tp#d57) (fn (x#a7a tp#d) x#5a6)))
                      (match
                        (tapp
                          (extern
                            __Option_Proof__
                            (forall
                              (tp#12 type)
                              (data (app tp#e tp#12) () (None ()) (Some () tp#12))))
                          tp#d57)
                        self#594
                        (clauses
                          ((tvars)
                            (vars)
                            (app x#a7b (ctor (extern __Unit_Proof__ (data tp#d () (() ()))) 0 ())))
                          ((tvars)
                            (vars x#a7d)
                            (let x#d5a (app x#a7c x#a7d))
                            (app
                              x#d5a
                              (ctor (extern __Unit_Proof__ (data tp#d () (() ()))) 0 ()))))
                        tp#d57
                        (effect)))))
                (let x#d59 (app x#a7f x#5a7))
                (app x#d59 (ctor (extern __Unit_Proof__ (data tp#d () (() ()))) 0 ()))))))
        (let x#d58 (app x#a81 x#5a8))
        (app x#d58 (ctor (extern __Unit_Proof__ (data tp#d () (() ()))) 0 ())))))
  (let-pure
    unwrapErr#5cf
    (tfun
      (tp#d52 effect)
      (cabs
        ()
        (tfun
          (tp#d53 type)
          (fn
            (x#5cd (tp#d -> tp#d53 (effect tp#d52 tp#10)))
            (let-pure
              x#a90
              (fn
                (~onError#5b4 (tp#d -> tp#d53 (effect tp#d52 tp#10)))
                (fn
                  (x#a8f tp#d)
                  (fn
                    (x#5cc (app tp#e tp#d53))
                    (let-pure
                      x#a8e
                      (fn
                        (self#5bc (app tp#e tp#d53))
                        (fn
                          (x#a8d tp#d)
                          (let-pure
                            x#a8a
                            (fn
                              (x#a88 tp#d)
                              (app
                                ~onError#5b4
                                (ctor (extern __Unit_Proof__ (data tp#d () (() ()))) 0 ()))))
                          (let-pure x#a8b (fn (x#5cb tp#d53) (fn (x#a89 tp#d) x#5cb)))
                          (match
                            (tapp
                              (extern
                                __Option_Proof__
                                (forall
                                  (tp#12 type)
                                  (data (app tp#e tp#12) () (None ()) (Some () tp#12))))
                              tp#d53)
                            self#5bc
                            (clauses
                              ((tvars)
                                (vars)
                                (app
                                  x#a8a
                                  (ctor (extern __Unit_Proof__ (data tp#d () (() ()))) 0 ())))
                              ((tvars)
                                (vars x#a8c)
                                (let x#d56 (app x#a8b x#a8c))
                                (app
                                  x#d56
                                  (ctor (extern __Unit_Proof__ (data tp#d () (() ()))) 0 ()))))
                            tp#d53
                            (effect tp#d52 tp#10)))))
                    (let x#d55 (app x#a8e x#5cc))
                    (app x#d55 (ctor (extern __Unit_Proof__ (data tp#d () (() ()))) 0 ()))))))
            (let x#d54 (app x#a90 x#5cd))
            (app x#d54 (ctor (extern __Unit_Proof__ (data tp#d () (() ()))) 0 ())))))))
  (let-pure
    unwrap#5f6
    (tfun
      (tp#d4a type)
      (fn
        (x#5f4 (app tp#e tp#c))
        (let-pure
          x#a9f
          (fn
            (msg#5d9 (app tp#e tp#c))
            (fn
              (x#a9e tp#d)
              (fn
                (x#5f3 (app tp#e tp#d4a))
                (let-pure
                  x#a9d
                  (fn
                    (self#5e1 (app tp#e tp#d4a))
                    (fn
                      (x#a9c tp#d)
                      (let-pure
                        x#a99
                        (fn
                          (x#a97 tp#d)
                          (let x#d4e (tapp runtimeError#4c tp#d4a))
                          (let
                            x#d4f
                            (defs
                              (let
                                x#d50
                                (defs (let x#d51 (tapp unwrapOr#5aa tp#c)) (app x#d51 msg#5d9)))
                              (app x#d50 ("Called `unwrap` on `None`"))))
                          (app x#d4e x#d4f)))
                      (let-pure x#a9a (fn (x#5f2 tp#d4a) (fn (x#a98 tp#d) x#5f2)))
                      (match
                        (tapp
                          (extern
                            __Option_Proof__
                            (forall
                              (tp#12 type)
                              (data (app tp#e tp#12) () (None ()) (Some () tp#12))))
                          tp#d4a)
                        self#5e1
                        (clauses
                          ((tvars)
                            (vars)
                            (app x#a99 (ctor (extern __Unit_Proof__ (data tp#d () (() ()))) 0 ())))
                          ((tvars)
                            (vars x#a9b)
                            (let x#d4d (app x#a9a x#a9b))
                            (app
                              x#d4d
                              (ctor (extern __Unit_Proof__ (data tp#d () (() ()))) 0 ()))))
                        tp#d4a
                        tp#10))))
                (let x#d4c (app x#a9d x#5f3))
                (app x#d4c (ctor (extern __Unit_Proof__ (data tp#d () (() ()))) 0 ()))))))
        (let x#d4b (app x#a9f x#5f4))
        (app x#d4b (ctor (extern __Unit_Proof__ (data tp#d () (() ()))) 0 ())))))
  (let-pure add#5fd (extern dbl_strCat (tp#c tp#c -> tp#c)))
  (let-pure equal#604 (extern dbl_eqStr (tp#c tp#c -> tp#c9b)))
  (let-pure neq#60b (extern dbl_neqStr (tp#c tp#c -> tp#c9b)))
  (let-pure gt#612 (extern dbl_gtStr (tp#c tp#c -> tp#c9b)))
  (let-pure lt#619 (extern dbl_ltStr (tp#c tp#c -> tp#c9b)))
  (let-pure ge#620 (extern dbl_geStr (tp#c tp#c -> tp#c9b)))
  (let-pure le#627 (extern dbl_leStr (tp#c tp#c -> tp#c9b)))
  (let-pure length#62d (extern dbl_strLen (tp#c -> tp#a)))
  (let-pure
    get#665
    (fn
      (x#65e tp#c)
      (let-pure
        x#ab9
        (fn
          (self#637 tp#c)
          (fn
            (x#ab8 tp#d)
            (fn
              (x#65d tp#a)
              (let-pure
                x#ab7
                (fn
                  (n#63d tp#a)
                  (fn
                    (x#ab6 tp#d)
                    (let-pure
                      x#ab4
                      (fn
                        (x#ab3 tp#d)
                        (let x#d49 (app (extern dbl_strGet (tp#c tp#a -> tp#a)) self#637))
                        (app x#d49 n#63d)))
                    (let
                      x#ab5
                      (defs
                        (let-pure x#63f ("Out of bounds"))
                        (let
                          x#d3d
                          (defs
                            (let
                              x#d48
                              (app
                                (fn
                                  (x#aab tp#c)
                                  (ctor
                                    (tapp
                                      (extern
                                        __Option_Proof__
                                        (forall
                                          (tp#12 type)
                                          (data (app tp#e tp#12) () (None ()) (Some () tp#12))))
                                      tp#c)
                                    1
                                    ()
                                    x#aab))
                                x#63f))
                            (app assert#89 x#d48)))
                        (let-pure
                          x#ab0
                          (fn
                            (x#aae tp#d)
                            (let
                              x#d43
                              (defs
                                (let
                                  x#d45
                                  (defs
                                    (let
                                      x#d46
                                      (defs
                                        (let x#d47 (tapp (<)#249 tp#a))
                                        (tapp x#d47 (tp#a -> tp#c9b tp#10))))
                                    (app x#d46 lt#329)))
                                (app x#d45 n#63d)))
                            (let x#d44 (app length#62d self#637))
                            (app x#d43 x#d44)))
                        (let-pure x#ab1 (fn (x#aaf tp#d) (ctor Bool#19 0 ())))
                        (let
                          x#ab2
                          (defs
                            (let
                              x#d3f
                              (defs
                                (let
                                  x#d40
                                  (defs
                                    (let
                                      x#d41
                                      (defs
                                        (let x#d42 (tapp (>=)#232 tp#a))
                                        (tapp x#d42 (tp#a -> tp#c9b tp#10))))
                                    (app x#d41 ge#330)))
                                (app x#d40 n#63d)))
                            (app x#d3f (0))))
                        (let
                          x#d3e
                          (match
                            Bool#19
                            x#ab2
                            (clauses
                              ((tvars)
                                (vars)
                                (app
                                  x#ab1
                                  (ctor (extern __Unit_Proof__ (data tp#d () (() ()))) 0 ())))
                              ((tvars)
                                (vars)
                                (app
                                  x#ab0
                                  (ctor (extern __Unit_Proof__ (data tp#d () (() ()))) 0 ()))))
                            tp#c9b
                            tp#10))
                        (app x#d3d x#d3e)))
                    (app x#ab4 (ctor (extern __Unit_Proof__ (data tp#d () (() ()))) 0 ())))))
              (let x#d3c (app x#ab7 x#65d))
              (app x#d3c (ctor (extern __Unit_Proof__ (data tp#d () (() ()))) 0 ()))))))
      (let x#d3b (app x#ab9 x#65e))
      (app x#d3b (ctor (extern __Unit_Proof__ (data tp#d () (() ()))) 0 ()))))
  (let-pure
    toList#6bc
    (fn
      (x#6bb tp#c)
      (let-pure
        x#ad6
        (fn
          (self#66f tp#c)
          (fn
            (x#ad5 tp#d)
            (let-pure getChar#673 (extern dbl_strGet (tp#c tp#a -> tp#a)))
            (data)
            (let-rec
              (iter#6b8
                (guard () (tp#a (app tp#c9c tp#a) -> (app tp#c9c tp#a) tp#10))
                (cabs
                  ()
                  (fn
                    (x#6ae tp#a)
                    (let-pure
                      x#ad1
                      (fn
                        (n#687 tp#a)
                        (fn
                          (x#ad0 tp#d)
                          (fn
                            (x#6ad (app tp#c9c tp#a))
                            (rec-ctx)
                            (let-pure iter#683 (capp iter#6b8))
                            (let-pure
                              x#acf
                              (fn
                                (acc#686 (app tp#c9c tp#a))
                                (fn
                                  (x#ace tp#d)
                                  (let-pure x#acb (fn (x#ac3 tp#d) acc#686))
                                  (let-pure
                                    x#acc
                                    (fn
                                      (x#aca tp#d)
                                      (let
                                        x#d25
                                        (defs
                                          (let
                                            x#d31
                                            (defs
                                              (let
                                                x#d32
                                                (defs
                                                  (let
                                                    x#d33
                                                    (defs
                                                      (let
                                                        x#d34
                                                        (defs
                                                          (let x#d35 (tapp (-)#191 tp#a))
                                                          (tapp x#d35 (tp#a -> tp#a tp#10))))
                                                      (app x#d34 sub#345)))
                                                  (app x#d33 n#687)))
                                              (app x#d32 (1))))
                                          (app iter#683 x#d31)))
                                      (let
                                        x#d26
                                        (defs
                                          (let
                                            x#d27
                                            (defs
                                              (let
                                                x#d28
                                                (tapp
                                                  (tfun
                                                    (tp#d30 type)
                                                    (fn
                                                      (x#ac7 tp#d30)
                                                      (fn
                                                        (x#ac8 (app tp#c9c tp#d30))
                                                        (ctor
                                                          (tapp List#25 tp#d30)
                                                          1
                                                          ()
                                                          x#ac7
                                                          x#ac8))))
                                                  tp#a))
                                              (let
                                                x#d29
                                                (defs
                                                  (let x#d2a (app getChar#673 self#66f))
                                                  (let
                                                    x#d2b
                                                    (defs
                                                      (let
                                                        x#d2c
                                                        (defs
                                                          (let
                                                            x#d2d
                                                            (defs
                                                              (let
                                                                x#d2e
                                                                (defs
                                                                  (let x#d2f (tapp (-)#191 tp#a))
                                                                  (tapp
                                                                    x#d2f
                                                                    (tp#a -> tp#a tp#10))))
                                                              (app x#d2e sub#345)))
                                                          (app x#d2d n#687)))
                                                      (app x#d2c (1))))
                                                  (app x#d2a x#d2b)))
                                              (app x#d28 x#d29)))
                                          (app x#d27 acc#686)))
                                      (app x#d25 x#d26)))
                                  (let
                                    x#acd
                                    (defs
                                      (let
                                        x#d21
                                        (defs
                                          (let
                                            x#d22
                                            (defs
                                              (let
                                                x#d23
                                                (defs
                                                  (let x#d24 (tapp (==)#1ed tp#a))
                                                  (tapp x#d24 (tp#a -> tp#c9b tp#10))))
                                              (app x#d23 equal#314)))
                                          (app x#d22 n#687)))
                                      (app x#d21 (0))))
                                  (match
                                    Bool#19
                                    x#acd
                                    (clauses
                                      ((tvars)
                                        (vars)
                                        (app
                                          x#acc
                                          (ctor
                                            (extern __Unit_Proof__ (data tp#d () (() ())))
                                            0
                                            ())))
                                      ((tvars)
                                        (vars)
                                        (app
                                          x#acb
                                          (ctor
                                            (extern __Unit_Proof__ (data tp#d () (() ())))
                                            0
                                            ()))))
                                    (app tp#c9c tp#a)
                                    tp#10))))
                            (let x#d20 (app x#acf x#6ad))
                            (app
                              x#d20
                              (ctor (extern __Unit_Proof__ (data tp#d () (() ()))) 0 ()))))))
                    (let x#d1f (app x#ad1 x#6ae))
                    (app x#d1f (ctor (extern __Unit_Proof__ (data tp#d () (() ()))) 0 ()))))))
            (let
              x#d36
              (defs
                (let x#d39 (capp iter#6b8))
                (let x#d3a (app length#62d self#66f))
                (app x#d39 x#d3a)))
            (let x#d37 (tapp (tfun (tp#d38 type) (ctor (tapp List#25 tp#d38) 0 ())) tp#a))
            (app x#d36 x#d37))))
      (let x#d1e (app x#ad6 x#6bb))
      (app x#d1e (ctor (extern __Unit_Proof__ (data tp#d () (() ()))) 0 ()))))
  (let-pure
    id#6c9
    (tfun
      (tp#d1c type)
      (fn
        (x#6c7 tp#d1c)
        (let-pure x#adb (fn (x#6c6 tp#d1c) (fn (x#ada tp#d) x#6c6)))
        (let x#d1d (app x#adb x#6c7))
        (app x#d1d (ctor (extern __Unit_Proof__ (data tp#d () (() ()))) 0 ())))))
  (let-pure
    flip#6ec
    (tfun
      (tp#d14 effect)
      (cabs
        ()
        (tfun
          (tp#d15 type)
          (tfun
            (tp#d16 type)
            (tfun
              (tp#d17 type)
              (fn
                (x#6e8 (tp#d16 -> (tp#d17 -> tp#d15 (effect tp#d14 tp#10)) (effect tp#d14 tp#10)))
                (let-pure
                  x#aeb
                  (fn
                    (f#6d3
                      (tp#d16 -> (tp#d17 -> tp#d15 (effect tp#d14 tp#10)) (effect tp#d14 tp#10)))
                    (fn
                      (x#aea tp#d)
                      (fn
                        (x#6e7 tp#d17)
                        (let-pure
                          x#ae9
                          (fn
                            (x#6d9 tp#d17)
                            (fn
                              (x#ae8 tp#d)
                              (fn
                                (x#6e6 tp#d16)
                                (let-pure
                                  x#ae7
                                  (fn
                                    (y#6df tp#d16)
                                    (fn
                                      (x#ae6 tp#d)
                                      (let x#d1b (app f#6d3 y#6df))
                                      (app x#d1b x#6d9))))
                                (let x#d1a (app x#ae7 x#6e6))
                                (app
                                  x#d1a
                                  (ctor (extern __Unit_Proof__ (data tp#d () (() ()))) 0 ()))))))
                        (let x#d19 (app x#ae9 x#6e7))
                        (app x#d19 (ctor (extern __Unit_Proof__ (data tp#d () (() ()))) 0 ()))))))
                (let x#d18 (app x#aeb x#6e8))
                (app x#d18 (ctor (extern __Unit_Proof__ (data tp#d () (() ()))) 0 ())))))))))
  (let-pure
    fst#700
    (tfun
      (tp#d10 type)
      (tfun
        (tp#d11 type)
        (fn
          (x#6fd (app tp#c9e tp#d10 tp#d11))
          (let-pure x#af2 (fn (x#6fc tp#d10) (fn (x#af1 tp#d) x#6fc)))
          (match
            (defs (let x#d13 (tapp Pair#34 tp#d10)) (tapp x#d13 tp#d11))
            x#6fd
            (clauses
              ((tvars)
                (vars x#af3 x#af4)
                (let x#d12 (app x#af2 x#af3))
                (app x#d12 (ctor (extern __Unit_Proof__ (data tp#d () (() ()))) 0 ()))))
            tp#d10
            (effect))))))
  (let-pure
    snd#714
    (tfun
      (tp#d0c type)
      (tfun
        (tp#d0d type)
        (fn
          (x#711 (app tp#c9e tp#d0d tp#d0c))
          (let-pure x#afa (fn (y#710 tp#d0c) (fn (x#af9 tp#d) y#710)))
          (match
            (defs (let x#d0f (tapp Pair#34 tp#d0d)) (tapp x#d0f tp#d0c))
            x#711
            (clauses
              ((tvars)
                (vars x#afb x#afc)
                (let x#d0e (app x#afa x#afc))
                (app x#d0e (ctor (extern __Unit_Proof__ (data tp#d () (() ()))) 0 ()))))
            tp#d0c
            (effect))))))
  (let-pure
    not#726
    (fn
      (x#725 tp#c9b)
      (let-pure
        x#b03
        (fn
          (b#71e tp#c9b)
          (fn
            (x#b02 tp#d)
            (let-pure x#b00 (fn (x#afe tp#d) (ctor Bool#19 0 ())))
            (let-pure x#b01 (fn (x#aff tp#d) (ctor Bool#19 1 ())))
            (match
              Bool#19
              b#71e
              (clauses
                ((tvars)
                  (vars)
                  (app x#b01 (ctor (extern __Unit_Proof__ (data tp#d () (() ()))) 0 ())))
                ((tvars)
                  (vars)
                  (app x#b00 (ctor (extern __Unit_Proof__ (data tp#d () (() ()))) 0 ()))))
              tp#c9b
              (effect)))))
      (let x#d0b (app x#b03 x#725))
      (app x#d0b (ctor (extern __Unit_Proof__ (data tp#d () (() ()))) 0 ()))))
  (let-pure charListToStr#72c (extern dbl_chrListToStr ((app tp#c9c tp#a) -> tp#c)))
  (let-pure
    chr#76a
    (tfun
      (tp#d00 effect)
      (cabs
        ()
        (fn
          (x#763 (tp#d -> tp#a (effect tp#d00 tp#10)))
          (let-pure
            x#b18
            (fn
              (~onError#738 (tp#d -> tp#a (effect tp#d00 tp#10)))
              (fn
                (x#b17 tp#d)
                (fn
                  (x#762 tp#a)
                  (let-pure
                    x#b16
                    (fn
                      (n#741 tp#a)
                      (fn
                        (x#b15 tp#d)
                        (let-pure
                          x#b12
                          (fn (x#b10 tp#d) (app (extern dbl_intToChr (tp#a -> tp#a)) n#741)))
                        (let-pure
                          x#b13
                          (fn
                            (x#b11 tp#d)
                            (app
                              ~onError#738
                              (ctor (extern __Unit_Proof__ (data tp#d () (() ()))) 0 ()))))
                        (let
                          x#b14
                          (defs
                            (let-pure
                              x#b0d
                              (fn
                                (x#b0b tp#d)
                                (let
                                  x#d07
                                  (defs
                                    (let
                                      x#d08
                                      (defs
                                        (let
                                          x#d09
                                          (defs
                                            (let x#d0a (tapp (<)#249 tp#a))
                                            (tapp x#d0a (tp#a -> tp#c9b tp#10))))
                                        (app x#d09 lt#329)))
                                    (app x#d08 n#741)))
                                (app x#d07 (256))))
                            (let-pure x#b0e (fn (x#b0c tp#d) (ctor Bool#19 0 ())))
                            (let
                              x#b0f
                              (defs
                                (let
                                  x#d03
                                  (defs
                                    (let
                                      x#d04
                                      (defs
                                        (let
                                          x#d05
                                          (defs
                                            (let x#d06 (tapp (>=)#232 tp#a))
                                            (tapp x#d06 (tp#a -> tp#c9b tp#10))))
                                        (app x#d05 ge#330)))
                                    (app x#d04 n#741)))
                                (app x#d03 (0))))
                            (match
                              Bool#19
                              x#b0f
                              (clauses
                                ((tvars)
                                  (vars)
                                  (app
                                    x#b0e
                                    (ctor (extern __Unit_Proof__ (data tp#d () (() ()))) 0 ())))
                                ((tvars)
                                  (vars)
                                  (app
                                    x#b0d
                                    (ctor (extern __Unit_Proof__ (data tp#d () (() ()))) 0 ()))))
                              tp#c9b
                              (effect tp#d00 tp#10))))
                        (match
                          Bool#19
                          x#b14
                          (clauses
                            ((tvars)
                              (vars)
                              (app
                                x#b13
                                (ctor (extern __Unit_Proof__ (data tp#d () (() ()))) 0 ())))
                            ((tvars)
                              (vars)
                              (app
                                x#b12
                                (ctor (extern __Unit_Proof__ (data tp#d () (() ()))) 0 ()))))
                          tp#a
                          (effect tp#d00 tp#10)))))
                  (let x#d02 (app x#b16 x#762))
                  (app x#d02 (ctor (extern __Unit_Proof__ (data tp#d () (() ()))) 0 ()))))))
          (let x#d01 (app x#b18 x#763))
          (app x#d01 (ctor (extern __Unit_Proof__ (data tp#d () (() ()))) 0 ()))))))
  (let-pure printStrLn#770 (extern dbl_printStrLn (tp#c -> tp#d tp#10)))
  (let-pure printStr#776 (extern dbl_printStr (tp#c -> tp#d tp#10)))
  (let-pure printInt#77c (extern dbl_printInt (tp#a -> tp#d tp#10)))
  (let-pure readLine#782 (extern dbl_readLine (tp#d -> tp#c tp#10)))
  (let-pure exit#78e (tfun (tp#cff type) (extern dbl_exit (tp#a -> tp#cff tp#10))))
  (let-pure zero#793 (0L))
  (let-pure one#798 (1L))
  (let-pure
    ofInt#7a4
    (fn
      (x#7a3 tp#a)
      (let-pure x#b2a (fn (n#7a2 tp#a) (fn (x#b29 tp#d) (app toInt64#30d n#7a2))))
      (let x#cfe (app x#b2a x#7a3))
      (app x#cfe (ctor (extern __Unit_Proof__ (data tp#d () (() ()))) 0 ()))))
  (data
    (data
      tp#ca4
      ST#7b4
      (tp#ca5 tp#ca6)
      (ST () (tp#d -> tp#ca5 (effect tp#ca6 tp#10)) (tp#ca5 -> tp#d (effect tp#ca6 tp#10)))))
  (let-pure
    get#7d0
    (tfun
      (tp#cf8 type)
      (tfun
        (tp#cf9 effect)
        (fn
          (x#7cf (app tp#ca4 tp#cf8 tp#cf9))
          (let-pure
            x#b37
            (fn
              (x#7c9 (tp#d -> tp#cf8 (effect tp#cf9 tp#10)))
              (fn
                (get#7ce (tp#d -> tp#cf8 (effect tp#cf9 tp#10)))
                (fn (x#7ca (tp#cf8 -> tp#d (effect tp#cf9 tp#10))) (fn (x#b36 tp#d) get#7ce)))))
          (match
            (defs (let x#cfd (tapp ST#7b4 tp#cf8)) (tapp x#cfd tp#cf9))
            x#7cf
            (clauses
              ((tvars)
                (vars x#b38 x#b39)
                (let
                  x#cfa
                  (defs
                    (let x#cfb (defs (let x#cfc (app x#b37 x#b38)) (app x#cfc x#b38)))
                    (app x#cfb x#b39)))
                (app x#cfa (ctor (extern __Unit_Proof__ (data tp#d () (() ()))) 0 ()))))
            (tp#d -> tp#cf8 (effect tp#cf9 tp#10))
            (effect))))))
  (let-pure
    put#7ec
    (tfun
      (tp#cf2 type)
      (tfun
        (tp#cf3 effect)
        (fn
          (x#7eb (app tp#ca4 tp#cf2 tp#cf3))
          (let-pure
            x#b44
            (fn
              (x#7e5 (tp#d -> tp#cf2 (effect tp#cf3 tp#10)))
              (fn
                (x#7e6 (tp#cf2 -> tp#d (effect tp#cf3 tp#10)))
                (fn (put#7ea (tp#cf2 -> tp#d (effect tp#cf3 tp#10))) (fn (x#b43 tp#d) put#7ea)))))
          (match
            (defs (let x#cf7 (tapp ST#7b4 tp#cf2)) (tapp x#cf7 tp#cf3))
            x#7eb
            (clauses
              ((tvars)
                (vars x#b45 x#b46)
                (let
                  x#cf4
                  (defs
                    (let x#cf5 (defs (let x#cf6 (app x#b44 x#b45)) (app x#cf6 x#b46)))
                    (app x#cf5 x#b46)))
                (app x#cf4 (ctor (extern __Unit_Proof__ (data tp#d () (() ()))) 0 ()))))
            (tp#cf2 -> tp#d (effect tp#cf3 tp#10))
            (effect))))))
  (data (data tp#ca7 Pair#7fa (tp#ca8 tp#ca9) (Pair () tp#ca8 tp#ca9)))
  (let-pure
    hPairOfStates#875
    (tfun
      (tp#cc0 effect)
      (tfun
        (tp#cc1 effect)
        (tfun
          (tp#cc2 effect)
          (cabs
            ()
            (tfun
              (tp#cc3 type)
              (tfun
                (tp#cc4 type)
                (tfun
                  (tp#cc5 type)
                  (fn
                    (x#871 tp#cc4)
                    (let-pure
                      x#bef
                      (fn
                        (stA0#804 tp#cc4)
                        (fn
                          (x#bee tp#d)
                          (fn
                            (x#870 tp#cc5)
                            (let-pure
                              x#be1
                              (fn
                                (stB0#80a tp#cc5)
                                (fn
                                  (x#be0 tp#d)
                                  (fn
                                    (comp#bd3
                                      (forall
                                        (tp#cc8 effect)
                                        ((app
                                          tp#ca7
                                          (app tp#ca4 tp#cc4 (effect tp#cc2 tp#cc8))
                                          (app tp#ca4 tp#cc5 (effect tp#cc1 tp#cc8)))
                                          ->
                                          tp#cc3
                                          (effect tp#cc0 tp#cc8 tp#10))))
                                    (data (label tp#cc9 ~label#817 tp#cc3 (effect tp#cc0 tp#10)))
                                    (let
                                      x#86f
                                      (defs
                                        (reset ~label#817 () () (stA0#804 stB0#80a) x#86e x#86e)
                                        (let x#cca (tapp comp#bd3 tp#cc9))
                                        (let-pure
                                          hA#83f
                                          (tfun
                                            (tp#ce4 effect)
                                            (cabs
                                              ()
                                              (let-pure
                                                x#82d
                                                (fn
                                                  (x#82c tp#d)
                                                  (let-pure
                                                    x#b7a
                                                    (fn
                                                      (x#b79 tp#d)
                                                      (shift
                                                        ~label#817
                                                        ()
                                                        ()
                                                        x#82b
                                                        (~stA#826 ~stB#827)
                                                        tp#cc4
                                                        (defs
                                                          (let-pure
                                                            x#b78
                                                            (fn
                                                              (resume#825
                                                                (tp#cc4
                                                                  tp#cc5
                                                                  tp#cc4
                                                                  ->
                                                                  tp#cc3
                                                                  (effect tp#cc0 tp#10)))
                                                              (fn
                                                                (x#b77 tp#d)
                                                                (let
                                                                  x#cf0
                                                                  (defs
                                                                    (let
                                                                      x#cf1
                                                                      (app resume#825 ~stA#826))
                                                                    (app x#cf1 ~stB#827)))
                                                                (app x#cf0 ~stA#826))))
                                                          (let x#cef (app x#b78 x#82b))
                                                          (app
                                                            x#cef
                                                            (ctor
                                                              (extern
                                                                __Unit_Proof__
                                                                (data tp#d () (() ())))
                                                              0
                                                              ()))))))
                                                  (match
                                                    (extern __Unit_Proof__ (data tp#d () (() ())))
                                                    x#82c
                                                    (clauses
                                                      ((tvars)
                                                        (vars)
                                                        (app
                                                          x#b7a
                                                          (ctor
                                                            (extern
                                                              __Unit_Proof__
                                                              (data tp#d () (() ())))
                                                            0
                                                            ()))))
                                                    tp#cc4
                                                    (effect tp#cc2 tp#ce4 tp#cc9 tp#10))))
                                              (let-pure
                                                x#83e
                                                (fn
                                                  (x#83d tp#cc4)
                                                  (let-pure
                                                    x#b80
                                                    (fn
                                                      (st#831 tp#cc4)
                                                      (fn
                                                        (x#b7f tp#d)
                                                        (shift
                                                          ~label#817
                                                          ()
                                                          ()
                                                          x#83c
                                                          (~stA#836 ~stB#837)
                                                          tp#d
                                                          (defs
                                                            (let-pure
                                                              x#b7e
                                                              (fn
                                                                (resume#835
                                                                  (tp#cc4
                                                                    tp#cc5
                                                                    tp#d
                                                                    ->
                                                                    tp#cc3
                                                                    (effect tp#cc0 tp#10)))
                                                                (fn
                                                                  (x#b7d tp#d)
                                                                  (let-pure x#839 st#831)
                                                                  (let
                                                                    x#ced
                                                                    (defs
                                                                      (let
                                                                      x#cee
                                                                      (app resume#835 x#839))
                                                                      (app x#cee ~stB#837)))
                                                                  (app
                                                                    x#ced
                                                                    (ctor
                                                                      (extern
                                                                      __Unit_Proof__
                                                                      (data tp#d () (() ())))
                                                                      0
                                                                      ())))))
                                                            (let x#cec (app x#b7e x#83c))
                                                            (app
                                                              x#cec
                                                              (ctor
                                                                (extern
                                                                  __Unit_Proof__
                                                                  (data tp#d () (() ())))
                                                                0
                                                                ())))))))
                                                  (let x#ceb (app x#b80 x#83d))
                                                  (app
                                                    x#ceb
                                                    (ctor
                                                      (extern
                                                        __Unit_Proof__
                                                        (data tp#d () (() ())))
                                                      0
                                                      ()))))
                                              (let
                                                x#ce5
                                                (defs
                                                  (let
                                                    x#ce6
                                                    (defs
                                                      (let
                                                        x#ce7
                                                        (tapp
                                                          (tfun
                                                            (tp#ce8 type)
                                                            (tfun
                                                              (tp#ce9 effect)
                                                              (fn
                                                                (x#b84
                                                                  (tp#d
                                                                    ->
                                                                    tp#ce8
                                                                    (effect tp#ce9 tp#10)))
                                                                (fn
                                                                  (x#b85
                                                                    (tp#ce8
                                                                      ->
                                                                      tp#d
                                                                      (effect tp#ce9 tp#10)))
                                                                  (ctor
                                                                    (defs
                                                                      (let
                                                                      x#cea
                                                                      (tapp ST#7b4 tp#ce8))
                                                                      (tapp x#cea tp#ce9))
                                                                    0
                                                                    ()
                                                                    x#b84
                                                                    x#b85)))))
                                                          tp#cc4))
                                                      (tapp x#ce7 (effect tp#cc2 tp#ce4 tp#cc9))))
                                                  (app x#ce6 x#82d)))
                                              (app x#ce5 x#83e))))
                                        (let-pure
                                          hB#867
                                          (tfun
                                            (tp#cd6 effect)
                                            (cabs
                                              ()
                                              (let-pure
                                                x#855
                                                (fn
                                                  (x#854 tp#d)
                                                  (let-pure
                                                    x#b90
                                                    (fn
                                                      (x#b8f tp#d)
                                                      (shift
                                                        ~label#817
                                                        ()
                                                        ()
                                                        x#853
                                                        (~stA#84e ~stB#84f)
                                                        tp#cc5
                                                        (defs
                                                          (let-pure
                                                            x#b8e
                                                            (fn
                                                              (resume#84d
                                                                (tp#cc4
                                                                  tp#cc5
                                                                  tp#cc5
                                                                  ->
                                                                  tp#cc3
                                                                  (effect tp#cc0 tp#10)))
                                                              (fn
                                                                (x#b8d tp#d)
                                                                (let
                                                                  x#ce2
                                                                  (defs
                                                                    (let
                                                                      x#ce3
                                                                      (app resume#84d ~stA#84e))
                                                                    (app x#ce3 ~stB#84f)))
                                                                (app x#ce2 ~stB#84f))))
                                                          (let x#ce1 (app x#b8e x#853))
                                                          (app
                                                            x#ce1
                                                            (ctor
                                                              (extern
                                                                __Unit_Proof__
                                                                (data tp#d () (() ())))
                                                              0
                                                              ()))))))
                                                  (match
                                                    (extern __Unit_Proof__ (data tp#d () (() ())))
                                                    x#854
                                                    (clauses
                                                      ((tvars)
                                                        (vars)
                                                        (app
                                                          x#b90
                                                          (ctor
                                                            (extern
                                                              __Unit_Proof__
                                                              (data tp#d () (() ())))
                                                            0
                                                            ()))))
                                                    tp#cc5
                                                    (effect tp#cc1 tp#cd6 tp#cc9 tp#10))))
                                              (let-pure
                                                x#866
                                                (fn
                                                  (x#865 tp#cc5)
                                                  (let-pure
                                                    x#b96
                                                    (fn
                                                      (st#859 tp#cc5)
                                                      (fn
                                                        (x#b95 tp#d)
                                                        (shift
                                                          ~label#817
                                                          ()
                                                          ()
                                                          x#864
                                                          (~stA#85e ~stB#85f)
                                                          tp#d
                                                          (defs
                                                            (let-pure
                                                              x#b94
                                                              (fn
                                                                (resume#85d
                                                                  (tp#cc4
                                                                    tp#cc5
                                                                    tp#d
                                                                    ->
                                                                    tp#cc3
                                                                    (effect tp#cc0 tp#10)))
                                                                (fn
                                                                  (x#b93 tp#d)
                                                                  (let-pure x#861 st#859)
                                                                  (let
                                                                    x#cdf
                                                                    (defs
                                                                      (let
                                                                      x#ce0
                                                                      (app resume#85d ~stA#85e))
                                                                      (app x#ce0 x#861)))
                                                                  (app
                                                                    x#cdf
                                                                    (ctor
                                                                      (extern
                                                                      __Unit_Proof__
                                                                      (data tp#d () (() ())))
                                                                      0
                                                                      ())))))
                                                            (let x#cde (app x#b94 x#864))
                                                            (app
                                                              x#cde
                                                              (ctor
                                                                (extern
                                                                  __Unit_Proof__
                                                                  (data tp#d () (() ())))
                                                                0
                                                                ())))))))
                                                  (let x#cdd (app x#b96 x#865))
                                                  (app
                                                    x#cdd
                                                    (ctor
                                                      (extern
                                                        __Unit_Proof__
                                                        (data tp#d () (() ())))
                                                      0
                                                      ()))))
                                              (let
                                                x#cd7
                                                (defs
                                                  (let
                                                    x#cd8
                                                    (defs
                                                      (let
                                                        x#cd9
                                                        (tapp
                                                          (tfun
                                                            (tp#cda type)
                                                            (tfun
                                                              (tp#cdb effect)
                                                              (fn
                                                                (x#b9a
                                                                  (tp#d
                                                                    ->
                                                                    tp#cda
                                                                    (effect tp#cdb tp#10)))
                                                                (fn
                                                                  (x#b9b
                                                                    (tp#cda
                                                                      ->
                                                                      tp#d
                                                                      (effect tp#cdb tp#10)))
                                                                  (ctor
                                                                    (defs
                                                                      (let
                                                                      x#cdc
                                                                      (tapp ST#7b4 tp#cda))
                                                                      (tapp x#cdc tp#cdb))
                                                                    0
                                                                    ()
                                                                    x#b9a
                                                                    x#b9b)))))
                                                          tp#cc5))
                                                      (tapp x#cd9 (effect tp#cc1 tp#cd6 tp#cc9))))
                                                  (app x#cd8 x#855)))
                                              (app x#cd7 x#866))))
                                        (let
                                          x#ccb
                                          (defs
                                            (let
                                              x#ccc
                                              (defs
                                                (let
                                                  x#ccf
                                                  (defs
                                                    (let
                                                      x#cd2
                                                      (tapp
                                                        (tfun
                                                          (tp#cd3 type)
                                                          (tfun
                                                            (tp#cd4 type)
                                                            (fn
                                                              (x#ba3 tp#cd3)
                                                              (fn
                                                                (x#ba4 tp#cd4)
                                                                (ctor
                                                                  (defs
                                                                    (let
                                                                      x#cd5
                                                                      (tapp Pair#7fa tp#cd3))
                                                                    (tapp x#cd5 tp#cd4))
                                                                  0
                                                                  ()
                                                                  x#ba3
                                                                  x#ba4)))))
                                                        (app
                                                          tp#ca4
                                                          tp#cc4
                                                          (effect tp#cc2 tp#cc9))))
                                                    (tapp
                                                      x#cd2
                                                      (app tp#ca4 tp#cc5 (effect tp#cc1 tp#cc9)))))
                                                (let
                                                  x#cd0
                                                  (defs
                                                    (let
                                                      x#cd1
                                                      (tapp hA#83f (effect tp#cc2 tp#cc9)))
                                                    (capp x#cd1)))
                                                (app x#ccf x#cd0)))
                                            (let
                                              x#ccd
                                              (defs
                                                (let x#cce (tapp hB#867 (effect tp#cc1 tp#cc9)))
                                                (capp x#cce)))
                                            (app x#ccc x#ccd)))
                                        (app x#cca x#ccb)))
                                    x#86f))))
                            (let x#cc7 (app x#be1 x#870))
                            (app
                              x#cc7
                              (ctor (extern __Unit_Proof__ (data tp#d () (() ()))) 0 ()))))))
                    (let x#cc6 (app x#bef x#871))
                    (app x#cc6 (ctor (extern __Unit_Proof__ (data tp#d () (() ()))) 0 ())))))))))))
  (let-pure
    printIntLn#882
    (tfun
      (tp#cbd effect)
      (cabs
        ()
        (fn
          (x#881 tp#a)
          (let-pure
            x#bf6
            (fn
              (x#87f tp#a)
              (fn (x#bf5 tp#d) (let x#cbf (app toString#307 x#87f)) (app printStrLn#770 x#cbf))))
          (let x#cbe (app x#bf6 x#881))
          (app x#cbe (ctor (extern __Unit_Proof__ (data tp#d () (() ()))) 0 ()))))))
  (let-pure x#c25 (fn (x#c24 tp#d) (ctor (extern __Unit_Proof__ (data tp#d () (() ()))) 0 ())))
  (let
    x#c26
    (defs
      (let
        x#caa
        (defs
          (let
            x#cb5
            (defs
              (let
                x#cb6
                (defs
                  (let
                    x#cb7
                    (defs
                      (let
                        x#cb8
                        (defs
                          (let
                            x#cb9
                            (defs
                              (let
                                x#cba
                                (defs
                                  (let
                                    x#cbb
                                    (defs
                                      (let x#cbc (tapp hPairOfStates#875 tp#f))
                                      (tapp x#cbc tp#f)))
                                  (tapp x#cbb tp#f)))
                              (capp x#cba)))
                          (tapp x#cb9 tp#d)))
                      (tapp x#cb8 tp#a)))
                  (tapp x#cb7 tp#a)))
              (app x#cb6 (1))))
          (app x#cb5 (2))))
      (app
        x#caa
        (tfun
          (tp#cab effect)
          (fn
            (cap#8a0
              (app
                tp#ca7
                (app tp#ca4 tp#a (effect tp#cab tp#f))
                (app tp#ca4 tp#a (effect tp#cab tp#f))))
            (let-pure
              x#c09
              (fn
                (stA#899 (app tp#ca4 tp#a (effect tp#cab tp#f)))
                (fn
                  (stB#89a (app tp#ca4 tp#a (effect tp#cab tp#f)))
                  (fn
                    (x#c08 tp#d)
                    (let x#caf (defs (let x#cb4 (tapp printIntLn#882 (effect))) (capp x#cb4)))
                    (let
                      x#cb0
                      (defs
                        (let
                          x#cb1
                          (defs
                            (let
                              x#cb2
                              (defs
                                (let x#cb3 (tapp get#7d0 tp#a))
                                (tapp x#cb3 (effect tp#cab tp#f))))
                            (app x#cb2 stB#89a)))
                        (app x#cb1 (ctor (extern __Unit_Proof__ (data tp#d () (() ()))) 0 ()))))
                    (app x#caf x#cb0)))))
            (match
              (defs
                (let x#cae (tapp Pair#7fa (app tp#ca4 tp#a (effect tp#cab tp#f))))
                (tapp x#cae (app tp#ca4 tp#a (effect tp#cab tp#f))))
              cap#8a0
              (clauses
                ((tvars)
                  (vars x#c0a x#c0b)
                  (let x#cac (defs (let x#cad (app x#c09 x#c0a)) (app x#cad x#c0b)))
                  (app x#cac (ctor (extern __Unit_Proof__ (data tp#d () (() ()))) 0 ()))))
              tp#d
              (effect tp#cab tp#f tp#10)))))))
  (app x#c25 (ctor (extern __Unit_Proof__ (data tp#d () (() ()))) 0 ())))
2
